-- MySQL dump 10.13  Distrib 5.7.12, for Win64 (x86_64)
--
-- Host: localhost    Database: mobileonline
-- ------------------------------------------------------
-- Server version	5.7.17-log

/*!40101 SET @OLD_CHARACTER_SET_CLIENT=@@CHARACTER_SET_CLIENT */;
/*!40101 SET @OLD_CHARACTER_SET_RESULTS=@@CHARACTER_SET_RESULTS */;
/*!40101 SET @OLD_COLLATION_CONNECTION=@@COLLATION_CONNECTION */;
/*!40101 SET NAMES utf8 */;
/*!40103 SET @OLD_TIME_ZONE=@@TIME_ZONE */;
/*!40103 SET TIME_ZONE='+00:00' */;
/*!40014 SET @OLD_UNIQUE_CHECKS=@@UNIQUE_CHECKS, UNIQUE_CHECKS=0 */;
/*!40014 SET @OLD_FOREIGN_KEY_CHECKS=@@FOREIGN_KEY_CHECKS, FOREIGN_KEY_CHECKS=0 */;
/*!40101 SET @OLD_SQL_MODE=@@SQL_MODE, SQL_MODE='NO_AUTO_VALUE_ON_ZERO' */;
/*!40111 SET @OLD_SQL_NOTES=@@SQL_NOTES, SQL_NOTES=0 */;

--
-- Table structure for table `account`
--

DROP TABLE IF EXISTS `account`;
/*!40101 SET @saved_cs_client     = @@character_set_client */;
/*!40101 SET character_set_client = utf8 */;
CREATE TABLE `account` (
  `ID` int(11) NOT NULL,
  `USERNAME` varchar(45) DEFAULT NULL,
  `EMAIL` varchar(45) DEFAULT NULL,
  `PASSWORD` varchar(45) DEFAULT NULL,
  `ROLE_ID` int(11) DEFAULT NULL,
  `CREATE_TIME` date DEFAULT NULL,
  `LAST_ACCESS` date DEFAULT NULL,
  `ACTIVE` tinyint(1) DEFAULT NULL,
  PRIMARY KEY (`ID`),
  KEY `FK_ACCOUNT_ROLE_idx` (`ROLE_ID`),
  CONSTRAINT `FK_ACCOUNT_ROLE` FOREIGN KEY (`ROLE_ID`) REFERENCES `role` (`ID`) ON DELETE NO ACTION ON UPDATE NO ACTION
) ENGINE=InnoDB DEFAULT CHARSET=utf8;
/*!40101 SET character_set_client = @saved_cs_client */;

--
-- Dumping data for table `account`
--

LOCK TABLES `account` WRITE;
/*!40000 ALTER TABLE `account` DISABLE KEYS */;
INSERT INTO `account` VALUES (1,'nbduc1996','nbduc1996@gmail.com','1234',1,NULL,NULL,1),(2,'ducit196','ducit196@gmail.com','1234',1,NULL,NULL,1),(3,'oco','oc','oc',1,'2018-01-01',NULL,0),(4,'dddd','ddd','dsd',2,NULL,NULL,NULL),(5,'dsdsd','dsdsdsd','sdsds',2,NULL,NULL,NULL),(6,'lam96','ocho123','1234',2,NULL,NULL,NULL);
/*!40000 ALTER TABLE `account` ENABLE KEYS */;
UNLOCK TABLES;

--
-- Table structure for table `address`
--

DROP TABLE IF EXISTS `address`;
/*!40101 SET @saved_cs_client     = @@character_set_client */;
/*!40101 SET character_set_client = utf8 */;
CREATE TABLE `address` (
  `ID` int(11) NOT NULL,
  `SECTION` varchar(45) CHARACTER SET utf8 DEFAULT NULL,
  `ROAD` varchar(45) CHARACTER SET utf8 DEFAULT NULL,
  `TOWN` varchar(45) CHARACTER SET utf8 DEFAULT NULL,
  `DISTRICT` varchar(45) CHARACTER SET utf8 DEFAULT NULL,
  `CITY` varchar(45) COLLATE utf8_danish_ci DEFAULT NULL,
  PRIMARY KEY (`ID`)
) ENGINE=InnoDB DEFAULT CHARSET=utf8 COLLATE=utf8_danish_ci;
/*!40101 SET character_set_client = @saved_cs_client */;

--
-- Dumping data for table `address`
--

LOCK TABLES `address` WRITE;
/*!40000 ALTER TABLE `address` DISABLE KEYS */;
INSERT INTO `address` VALUES (1,'7','Song Phuong','Hoai Duc','Ha Noi','Ha Noi');
/*!40000 ALTER TABLE `address` ENABLE KEYS */;
UNLOCK TABLES;

--
-- Table structure for table `attribute`
--

DROP TABLE IF EXISTS `attribute`;
/*!40101 SET @saved_cs_client     = @@character_set_client */;
/*!40101 SET character_set_client = utf8 */;
CREATE TABLE `attribute` (
  `ID` int(11) NOT NULL,
  `NAME` varchar(45) DEFAULT NULL,
  PRIMARY KEY (`ID`)
) ENGINE=InnoDB DEFAULT CHARSET=utf8;
/*!40101 SET character_set_client = @saved_cs_client */;

--
-- Dumping data for table `attribute`
--

LOCK TABLES `attribute` WRITE;
/*!40000 ALTER TABLE `attribute` DISABLE KEYS */;
INSERT INTO `attribute` VALUES (1,'Color'),(2,'Size'),(3,'Weight');
/*!40000 ALTER TABLE `attribute` ENABLE KEYS */;
UNLOCK TABLES;

--
-- Table structure for table `attribute_value`
--

DROP TABLE IF EXISTS `attribute_value`;
/*!40101 SET @saved_cs_client     = @@character_set_client */;
/*!40101 SET character_set_client = utf8 */;
CREATE TABLE `attribute_value` (
  `ID` int(11) NOT NULL,
  `NAME` varchar(45) DEFAULT NULL,
  `ATTRIBUTE_ID` int(11) NOT NULL,
  PRIMARY KEY (`ID`,`ATTRIBUTE_ID`),
  KEY `fk_ATTRIBUTE_VALUE_ATTRIBUTE1_idx` (`ATTRIBUTE_ID`),
  CONSTRAINT `fk_ATTRIBUTE_VALUE_ATTRIBUTE1` FOREIGN KEY (`ATTRIBUTE_ID`) REFERENCES `attribute` (`ID`) ON DELETE NO ACTION ON UPDATE NO ACTION
) ENGINE=InnoDB DEFAULT CHARSET=utf8;
/*!40101 SET character_set_client = @saved_cs_client */;

--
-- Dumping data for table `attribute_value`
--

LOCK TABLES `attribute_value` WRITE;
/*!40000 ALTER TABLE `attribute_value` DISABLE KEYS */;
INSERT INTO `attribute_value` VALUES (1,'Red',1),(2,'Green',1),(3,'Blue',1),(4,'Yellow',1),(5,'White',1),(6,'X',2),(7,'XL',2),(8,'XXL',2);
/*!40000 ALTER TABLE `attribute_value` ENABLE KEYS */;
UNLOCK TABLES;

--
-- Table structure for table `category`
--

DROP TABLE IF EXISTS `category`;
/*!40101 SET @saved_cs_client     = @@character_set_client */;
/*!40101 SET character_set_client = utf8 */;
CREATE TABLE `category` (
  `ID` int(11) NOT NULL,
  `NAME` varchar(45) DEFAULT NULL,
  `PARENT_CATEGORY_ID` int(11) DEFAULT NULL,
  PRIMARY KEY (`ID`),
  KEY `fk_CATEGORY_CATEGORY_idx` (`PARENT_CATEGORY_ID`),
  CONSTRAINT `fk_CATEGORY_CATEGORY` FOREIGN KEY (`PARENT_CATEGORY_ID`) REFERENCES `category` (`ID`) ON DELETE NO ACTION ON UPDATE NO ACTION
) ENGINE=InnoDB DEFAULT CHARSET=utf8;
/*!40101 SET character_set_client = @saved_cs_client */;

--
-- Dumping data for table `category`
--

LOCK TABLES `category` WRITE;
/*!40000 ALTER TABLE `category` DISABLE KEYS */;
INSERT INTO `category` VALUES (0,'Root',NULL),(1,'Điện thoại',0),(2,'Máy tính bảng',0),(3,'Laptop',0),(4,'Phụ kiện',0),(5,'Samsung galaxy',1),(6,'Zen phone',1),(7,'Iphone',1),(8,'Red mi',1),(9,'Ipad',2);
/*!40000 ALTER TABLE `category` ENABLE KEYS */;
UNLOCK TABLES;

--
-- Table structure for table `coupon`
--

DROP TABLE IF EXISTS `coupon`;
/*!40101 SET @saved_cs_client     = @@character_set_client */;
/*!40101 SET character_set_client = utf8 */;
CREATE TABLE `coupon` (
  `ID` int(11) NOT NULL,
  `CODE` varchar(45) DEFAULT NULL,
  `SALE` float DEFAULT NULL,
  `START_DATE` date DEFAULT NULL,
  `END_DATE` date DEFAULT NULL,
  PRIMARY KEY (`ID`)
) ENGINE=InnoDB DEFAULT CHARSET=utf8;
/*!40101 SET character_set_client = @saved_cs_client */;

--
-- Dumping data for table `coupon`
--

LOCK TABLES `coupon` WRITE;
/*!40000 ALTER TABLE `coupon` DISABLE KEYS */;
/*!40000 ALTER TABLE `coupon` ENABLE KEYS */;
UNLOCK TABLES;

--
-- Table structure for table `customer`
--

DROP TABLE IF EXISTS `customer`;
/*!40101 SET @saved_cs_client     = @@character_set_client */;
/*!40101 SET character_set_client = utf8 */;
CREATE TABLE `customer` (
  `ID` int(11) NOT NULL,
  `FIRST_NAME` varchar(45) CHARACTER SET utf8 DEFAULT NULL,
  `MIDDLE_NAME` varchar(45) CHARACTER SET utf8 DEFAULT NULL,
  `LAST_NAME` varchar(45) CHARACTER SET utf8 DEFAULT NULL,
  `GENDR` int(11) DEFAULT NULL,
  `BIRTH_DAY` date DEFAULT NULL,
  `PHONE` varchar(45) CHARACTER SET utf8 DEFAULT NULL,
  `ACCOUNT_ID` int(11) DEFAULT NULL,
  `ADDRESS_ID` int(11) DEFAULT NULL,
  PRIMARY KEY (`ID`),
  KEY `fk_CUSTOMER_ACCOUNT1_idx` (`ACCOUNT_ID`),
  KEY `fk_CUSTOMER_ADDRESS1_idx` (`ADDRESS_ID`),
  CONSTRAINT `fk_CUSTOMER_ACCOUNT1` FOREIGN KEY (`ACCOUNT_ID`) REFERENCES `account` (`ID`) ON DELETE NO ACTION ON UPDATE NO ACTION,
  CONSTRAINT `fk_CUSTOMER_ADDRESS1` FOREIGN KEY (`ADDRESS_ID`) REFERENCES `address` (`ID`) ON DELETE NO ACTION ON UPDATE NO ACTION
) ENGINE=InnoDB DEFAULT CHARSET=utf8 COLLATE=utf8_danish_ci;
/*!40101 SET character_set_client = @saved_cs_client */;

--
-- Dumping data for table `customer`
--

LOCK TABLES `customer` WRITE;
/*!40000 ALTER TABLE `customer` DISABLE KEYS */;
INSERT INTO `customer` VALUES (1,'NGUYEN','BA','DUC',1,'2018-01-01','01245673',1,1),(2,'Nguyen','Viet','Lam',1,'2018-11-12','2534343',NULL,NULL);
/*!40000 ALTER TABLE `customer` ENABLE KEYS */;
UNLOCK TABLES;

--
-- Table structure for table `employee`
--

DROP TABLE IF EXISTS `employee`;
/*!40101 SET @saved_cs_client     = @@character_set_client */;
/*!40101 SET character_set_client = utf8 */;
CREATE TABLE `employee` (
  `ID` int(11) NOT NULL,
  `FIRST_NAME` varchar(45) DEFAULT NULL,
  `MIDDLE_NAME` varchar(45) DEFAULT NULL,
  `LAST_NAME` varchar(45) DEFAULT NULL,
  `GENDER` int(11) DEFAULT NULL,
  `BIRTH_DAY` varchar(45) DEFAULT NULL,
  `PHONE` varchar(45) DEFAULT NULL,
  `SALARY` float DEFAULT NULL,
  `ACCOUNT_ID` int(11) NOT NULL,
  `ADDRESS_ID` int(11) NOT NULL,
  PRIMARY KEY (`ID`),
  KEY `fk_EMPLOYEE_ACCOUNT1_idx` (`ACCOUNT_ID`),
  KEY `fk_EMPLOYEE_ADDRESS1_idx` (`ADDRESS_ID`),
  CONSTRAINT `fk_EMPLOYEE_ACCOUNT1` FOREIGN KEY (`ACCOUNT_ID`) REFERENCES `account` (`ID`) ON DELETE NO ACTION ON UPDATE NO ACTION,
  CONSTRAINT `fk_EMPLOYEE_ADDRESS1` FOREIGN KEY (`ADDRESS_ID`) REFERENCES `address` (`ID`) ON DELETE NO ACTION ON UPDATE NO ACTION
) ENGINE=InnoDB DEFAULT CHARSET=utf8;
/*!40101 SET character_set_client = @saved_cs_client */;

--
-- Dumping data for table `employee`
--

LOCK TABLES `employee` WRITE;
/*!40000 ALTER TABLE `employee` DISABLE KEYS */;
/*!40000 ALTER TABLE `employee` ENABLE KEYS */;
UNLOCK TABLES;

--
-- Table structure for table `manufacturer`
--

DROP TABLE IF EXISTS `manufacturer`;
/*!40101 SET @saved_cs_client     = @@character_set_client */;
/*!40101 SET character_set_client = utf8 */;
CREATE TABLE `manufacturer` (
  `ID` int(11) NOT NULL,
  `NAME` varchar(45) DEFAULT NULL,
  `IMAGE` varchar(45) DEFAULT NULL,
  `DESCRIPTION` varchar(45) DEFAULT NULL,
  PRIMARY KEY (`ID`)
) ENGINE=InnoDB DEFAULT CHARSET=utf8;
/*!40101 SET character_set_client = @saved_cs_client */;

--
-- Dumping data for table `manufacturer`
--

LOCK TABLES `manufacturer` WRITE;
/*!40000 ALTER TABLE `manufacturer` DISABLE KEYS */;
INSERT INTO `manufacturer` VALUES (1,'Samsung',NULL,NULL),(2,'Apple',NULL,NULL),(3,'Xiaomi',NULL,NULL),(4,'Asus',NULL,NULL);
/*!40000 ALTER TABLE `manufacturer` ENABLE KEYS */;
UNLOCK TABLES;

--
-- Table structure for table `order`
--

DROP TABLE IF EXISTS `order`;
/*!40101 SET @saved_cs_client     = @@character_set_client */;
/*!40101 SET character_set_client = utf8 */;
CREATE TABLE `order` (
  `ID` int(11) NOT NULL,
  `DATE_ORDER` date DEFAULT NULL,
  `PAYMENT_TYPE` int(11) DEFAULT NULL,
  `STATUS` int(11) DEFAULT NULL,
  `COUPON_ID` int(11) DEFAULT NULL,
  `SHIPPING_ID` int(11) DEFAULT NULL,
  `CUSTOMER_ID` int(11) NOT NULL,
  `TAX_ID` int(11) DEFAULT NULL,
  PRIMARY KEY (`ID`),
  KEY `fk_ORDER_COUPON1_idx` (`COUPON_ID`),
  KEY `fk_ORDER_SHIPPING1_idx` (`SHIPPING_ID`),
  KEY `fk_ORDER_CUSTOMER1_idx` (`CUSTOMER_ID`),
  KEY `FK_ORDER_TAX_idx` (`TAX_ID`),
  CONSTRAINT `FK_ORDER_TAX` FOREIGN KEY (`TAX_ID`) REFERENCES `tax` (`ID`) ON DELETE NO ACTION ON UPDATE NO ACTION,
  CONSTRAINT `fk_ORDER_COUPON1` FOREIGN KEY (`COUPON_ID`) REFERENCES `coupon` (`ID`) ON DELETE NO ACTION ON UPDATE NO ACTION,
  CONSTRAINT `fk_ORDER_CUSTOMER1` FOREIGN KEY (`CUSTOMER_ID`) REFERENCES `customer` (`ID`) ON DELETE NO ACTION ON UPDATE NO ACTION,
  CONSTRAINT `fk_ORDER_SHIPPING1` FOREIGN KEY (`SHIPPING_ID`) REFERENCES `shipping` (`ID`) ON DELETE NO ACTION ON UPDATE NO ACTION
) ENGINE=InnoDB DEFAULT CHARSET=utf8;
/*!40101 SET character_set_client = @saved_cs_client */;

--
-- Dumping data for table `order`
--

LOCK TABLES `order` WRITE;
/*!40000 ALTER TABLE `order` DISABLE KEYS */;
/*!40000 ALTER TABLE `order` ENABLE KEYS */;
UNLOCK TABLES;

--
-- Table structure for table `order_detail`
--

DROP TABLE IF EXISTS `order_detail`;
/*!40101 SET @saved_cs_client     = @@character_set_client */;
/*!40101 SET character_set_client = utf8 */;
CREATE TABLE `order_detail` (
  `ORDER_ID` int(11) NOT NULL,
  `PRODUCT_ID` int(11) NOT NULL,
  `ATTRIBUTE` varchar(45) DEFAULT NULL,
  `QUANTITY` int(11) DEFAULT NULL,
  PRIMARY KEY (`ORDER_ID`,`PRODUCT_ID`),
  KEY `FK_ORDER_DETAIL_PRODUCT_idx` (`PRODUCT_ID`),
  CONSTRAINT `FK_ORDER_DETAIL_ORDER` FOREIGN KEY (`ORDER_ID`) REFERENCES `order` (`ID`) ON DELETE NO ACTION ON UPDATE NO ACTION,
  CONSTRAINT `FK_ORDER_DETAIL_PRODUCT` FOREIGN KEY (`PRODUCT_ID`) REFERENCES `product` (`ID`) ON DELETE NO ACTION ON UPDATE NO ACTION
) ENGINE=InnoDB DEFAULT CHARSET=utf8;
/*!40101 SET character_set_client = @saved_cs_client */;

--
-- Dumping data for table `order_detail`
--

LOCK TABLES `order_detail` WRITE;
/*!40000 ALTER TABLE `order_detail` DISABLE KEYS */;
/*!40000 ALTER TABLE `order_detail` ENABLE KEYS */;
UNLOCK TABLES;

--
-- Table structure for table `product`
--

DROP TABLE IF EXISTS `product`;
/*!40101 SET @saved_cs_client     = @@character_set_client */;
/*!40101 SET character_set_client = utf8 */;
CREATE TABLE `product` (
  `ID` int(11) NOT NULL,
  `NAME` varchar(45) DEFAULT NULL,
  `DESCRIPTION` varchar(45) DEFAULT NULL,
  `THUMBAI` varchar(45) DEFAULT NULL,
  `PRICE` float DEFAULT NULL,
  `LENGTH` float DEFAULT NULL,
  `WIDTH` float DEFAULT NULL,
  `HEIGHT` float DEFAULT NULL,
  `MANUFACTURER_ID` int(11) NOT NULL,
  `CATEGORY_ID` int(11) NOT NULL,
  PRIMARY KEY (`ID`),
  KEY `fk_PRODUCT_MANUFACTURER1_idx` (`MANUFACTURER_ID`),
  KEY `fk_PRODUCT_CATEGORY1_idx` (`CATEGORY_ID`),
  CONSTRAINT `fk_PRODUCT_CATEGORY1` FOREIGN KEY (`CATEGORY_ID`) REFERENCES `category` (`ID`) ON DELETE NO ACTION ON UPDATE NO ACTION,
  CONSTRAINT `fk_PRODUCT_MANUFACTURER1` FOREIGN KEY (`MANUFACTURER_ID`) REFERENCES `manufacturer` (`ID`) ON DELETE NO ACTION ON UPDATE NO ACTION
) ENGINE=InnoDB DEFAULT CHARSET=utf8;
/*!40101 SET character_set_client = @saved_cs_client */;

--
-- Dumping data for table `product`
--

LOCK TABLES `product` WRITE;
/*!40000 ALTER TABLE `product` DISABLE KEYS */;
INSERT INTO `product` VALUES (1,'Galaxynote8','a','images/home/product4.jpg',12,1,1,1,1,5),(2,'Galaxynote9','b','images/home/product1.jpg',34,1,1,1,1,5),(3,'Galaxy j7 prime','c','images/home/product2.jpg',12,1,1,1,1,5),(4,'Galaxy j3 prime','d','images/home/product3.jpg',23,1,1,1,1,5),(5,'Galaxy j1 pro','e','images/home/product1.jpg',34,1,1,1,1,6);
/*!40000 ALTER TABLE `product` ENABLE KEYS */;
UNLOCK TABLES;

--
-- Table structure for table `product_attribute`
--

DROP TABLE IF EXISTS `product_attribute`;
/*!40101 SET @saved_cs_client     = @@character_set_client */;
/*!40101 SET character_set_client = utf8 */;
CREATE TABLE `product_attribute` (
  `ID` int(11) NOT NULL,
  `PRODUCT_ID` int(11) NOT NULL,
  `ATTRIBUTE_VALUE_ID` int(11) NOT NULL,
  `AMOUNT` int(11) DEFAULT NULL,
  `ADDITIONAL_PRICE` float DEFAULT NULL,
  PRIMARY KEY (`ID`),
  KEY `fk_PRODUCT_ATTRIBUTE_ATTRIBUTE_VALUE1_idx` (`ATTRIBUTE_VALUE_ID`)
) ENGINE=InnoDB DEFAULT CHARSET=utf8;
/*!40101 SET character_set_client = @saved_cs_client */;

--
-- Dumping data for table `product_attribute`
--

LOCK TABLES `product_attribute` WRITE;
/*!40000 ALTER TABLE `product_attribute` DISABLE KEYS */;
INSERT INTO `product_attribute` VALUES (1,1,1,1,123.5),(2,1,2,1,234.3);
/*!40000 ALTER TABLE `product_attribute` ENABLE KEYS */;
UNLOCK TABLES;

--
-- Table structure for table `product_review`
--

DROP TABLE IF EXISTS `product_review`;
/*!40101 SET @saved_cs_client     = @@character_set_client */;
/*!40101 SET character_set_client = utf8 */;
CREATE TABLE `product_review` (
  `ID` int(11) NOT NULL,
  `REVIEW_RATING` int(11) DEFAULT NULL,
  `REVIEW_DATE` date DEFAULT NULL,
  `REVIEW_CONTENT` varchar(45) DEFAULT NULL,
  `PRODUCT_ID` int(11) NOT NULL,
  `CUSTOMER_ID` int(11) NOT NULL,
  PRIMARY KEY (`ID`),
  KEY `fk_PRODUCT_REVIEW_PRODUCT1_idx` (`PRODUCT_ID`),
  KEY `fk_PRODUCT_REVIEW_CUSTOMER1_idx` (`CUSTOMER_ID`),
  CONSTRAINT `fk_PRODUCT_REVIEW_CUSTOMER1` FOREIGN KEY (`CUSTOMER_ID`) REFERENCES `customer` (`ID`) ON DELETE NO ACTION ON UPDATE NO ACTION,
  CONSTRAINT `fk_PRODUCT_REVIEW_PRODUCT1` FOREIGN KEY (`PRODUCT_ID`) REFERENCES `product` (`ID`) ON DELETE NO ACTION ON UPDATE NO ACTION
) ENGINE=InnoDB DEFAULT CHARSET=utf8;
/*!40101 SET character_set_client = @saved_cs_client */;

--
-- Dumping data for table `product_review`
--

LOCK TABLES `product_review` WRITE;
/*!40000 ALTER TABLE `product_review` DISABLE KEYS */;
/*!40000 ALTER TABLE `product_review` ENABLE KEYS */;
UNLOCK TABLES;

--
-- Table structure for table `role`
--

DROP TABLE IF EXISTS `role`;
/*!40101 SET @saved_cs_client     = @@character_set_client */;
/*!40101 SET character_set_client = utf8 */;
CREATE TABLE `role` (
  `ID` int(11) NOT NULL,
  `ROLE` int(11) DEFAULT NULL,
  `DESCRIPTION` varchar(45) DEFAULT NULL,
  PRIMARY KEY (`ID`)
) ENGINE=InnoDB DEFAULT CHARSET=utf8;
/*!40101 SET character_set_client = @saved_cs_client */;

--
-- Dumping data for table `role`
--

LOCK TABLES `role` WRITE;
/*!40000 ALTER TABLE `role` DISABLE KEYS */;
INSERT INTO `role` VALUES (1,1,'Customer'),(2,2,'Admin');
/*!40000 ALTER TABLE `role` ENABLE KEYS */;
UNLOCK TABLES;

--
-- Table structure for table `shipping`
--

DROP TABLE IF EXISTS `shipping`;
/*!40101 SET @saved_cs_client     = @@character_set_client */;
/*!40101 SET character_set_client = utf8 */;
CREATE TABLE `shipping` (
  `ID` int(11) NOT NULL,
  `SHIPPING_TYPE` int(11) DEFAULT NULL,
  `SHIPPING_COST` float DEFAULT NULL,
  `ADDRESS_ID` int(11) NOT NULL,
  PRIMARY KEY (`ID`),
  KEY `fk_SHIPPING_ADDRESS1_idx` (`ADDRESS_ID`),
  CONSTRAINT `fk_SHIPPING_ADDRESS1` FOREIGN KEY (`ADDRESS_ID`) REFERENCES `address` (`ID`) ON DELETE NO ACTION ON UPDATE NO ACTION
) ENGINE=InnoDB DEFAULT CHARSET=utf8;
/*!40101 SET character_set_client = @saved_cs_client */;

--
-- Dumping data for table `shipping`
--

LOCK TABLES `shipping` WRITE;
/*!40000 ALTER TABLE `shipping` DISABLE KEYS */;
/*!40000 ALTER TABLE `shipping` ENABLE KEYS */;
UNLOCK TABLES;

--
-- Table structure for table `shopping_cart`
--

DROP TABLE IF EXISTS `shopping_cart`;
/*!40101 SET @saved_cs_client     = @@character_set_client */;
/*!40101 SET character_set_client = utf8 */;
CREATE TABLE `shopping_cart` (
  `ID` int(11) NOT NULL,
  `CREATE_ON` date DEFAULT NULL,
  `STATUS` int(11) DEFAULT NULL,
  `CUSTOMER_ID` int(11) DEFAULT NULL,
  PRIMARY KEY (`ID`),
  KEY `FK_SHOPPING_CART_PRODUCT_idx` (`CUSTOMER_ID`),
  CONSTRAINT `FK_SHOPPING_CART_PRODUCT` FOREIGN KEY (`CUSTOMER_ID`) REFERENCES `product` (`ID`) ON DELETE NO ACTION ON UPDATE NO ACTION
) ENGINE=InnoDB DEFAULT CHARSET=utf8;
/*!40101 SET character_set_client = @saved_cs_client */;

--
-- Dumping data for table `shopping_cart`
--

LOCK TABLES `shopping_cart` WRITE;
/*!40000 ALTER TABLE `shopping_cart` DISABLE KEYS */;
/*!40000 ALTER TABLE `shopping_cart` ENABLE KEYS */;
UNLOCK TABLES;

--
-- Table structure for table `shopping_cart_detail`
--

DROP TABLE IF EXISTS `shopping_cart_detail`;
/*!40101 SET @saved_cs_client     = @@character_set_client */;
/*!40101 SET character_set_client = utf8 */;
CREATE TABLE `shopping_cart_detail` (
  `SHOPPING_CART_ID` int(11) NOT NULL,
  `PRODUCT_ID` int(11) NOT NULL,
  `ATTRIBUTE` varchar(45) DEFAULT NULL,
  `QUANTITY` int(11) DEFAULT NULL,
  PRIMARY KEY (`SHOPPING_CART_ID`,`PRODUCT_ID`),
  KEY `FK_SHOPPING_CART_DETAIL_PRODUCT_idx` (`PRODUCT_ID`)
) ENGINE=InnoDB DEFAULT CHARSET=utf8;
/*!40101 SET character_set_client = @saved_cs_client */;

--
-- Dumping data for table `shopping_cart_detail`
--

LOCK TABLES `shopping_cart_detail` WRITE;
/*!40000 ALTER TABLE `shopping_cart_detail` DISABLE KEYS */;
/*!40000 ALTER TABLE `shopping_cart_detail` ENABLE KEYS */;
UNLOCK TABLES;

--
-- Table structure for table `tax`
--

DROP TABLE IF EXISTS `tax`;
/*!40101 SET @saved_cs_client     = @@character_set_client */;
/*!40101 SET character_set_client = utf8 */;
CREATE TABLE `tax` (
  `ID` int(11) NOT NULL,
  `TYPE` varchar(45) DEFAULT NULL,
  `PERCENTAGE` float DEFAULT NULL,
  PRIMARY KEY (`ID`)
) ENGINE=InnoDB DEFAULT CHARSET=utf8;
/*!40101 SET character_set_client = @saved_cs_client */;

--
-- Dumping data for table `tax`
--

LOCK TABLES `tax` WRITE;
/*!40000 ALTER TABLE `tax` DISABLE KEYS */;
/*!40000 ALTER TABLE `tax` ENABLE KEYS */;
UNLOCK TABLES;

--
-- Dumping routines for database 'mobileonline'
--
/*!50003 DROP PROCEDURE IF EXISTS `PROC_ACCOUNT_CHECK_LOGIN` */;
/*!50003 SET @saved_cs_client      = @@character_set_client */ ;
/*!50003 SET @saved_cs_results     = @@character_set_results */ ;
/*!50003 SET @saved_col_connection = @@collation_connection */ ;
/*!50003 SET character_set_client  = utf8 */ ;
/*!50003 SET character_set_results = utf8 */ ;
/*!50003 SET collation_connection  = utf8_general_ci */ ;
/*!50003 SET @saved_sql_mode       = @@sql_mode */ ;
/*!50003 SET sql_mode              = 'STRICT_TRANS_TABLES,NO_AUTO_CREATE_USER,NO_ENGINE_SUBSTITUTION' */ ;
DELIMITER ;;
CREATE DEFINER=`root`@`localhost` PROCEDURE `PROC_ACCOUNT_CHECK_LOGIN`(
	IN USERNAME varchar(45),
    IN PASSWORD varchar(45)
)
BEGIN
	SELECT *
    FROM ACCOUNT 
    WHERE ACCOUNT.USERNAME = USERNAME AND ACCOUNT.PASSWORD = PASSWORD AND ACCOUNT.ACTIVE = 1;
END ;;
DELIMITER ;
/*!50003 SET sql_mode              = @saved_sql_mode */ ;
/*!50003 SET character_set_client  = @saved_cs_client */ ;
/*!50003 SET character_set_results = @saved_cs_results */ ;
/*!50003 SET collation_connection  = @saved_col_connection */ ;
/*!50003 DROP PROCEDURE IF EXISTS `PROC_ACCOUNT_INSERT` */;
/*!50003 SET @saved_cs_client      = @@character_set_client */ ;
/*!50003 SET @saved_cs_results     = @@character_set_results */ ;
/*!50003 SET @saved_col_connection = @@collation_connection */ ;
/*!50003 SET character_set_client  = utf8 */ ;
/*!50003 SET character_set_results = utf8 */ ;
/*!50003 SET collation_connection  = utf8_general_ci */ ;
/*!50003 SET @saved_sql_mode       = @@sql_mode */ ;
/*!50003 SET sql_mode              = 'STRICT_TRANS_TABLES,NO_AUTO_CREATE_USER,NO_ENGINE_SUBSTITUTION' */ ;
DELIMITER ;;
CREATE DEFINER=`root`@`localhost` PROCEDURE `PROC_ACCOUNT_INSERT`(
	IN ID INT,
    IN USERNAME VARCHAR(45),
    IN EMAIL VARCHAR(45),
    IN PASSWORD VARCHAR(45),
    IN ROLE_ID INT,
    IN CREATE_TIME DATE,
    IN ACTIVE INT
)
BEGIN
	INSERT INTO ACCOUNT(ACCOUNT.ID, ACCOUNT.USERNAME, ACCOUNT.EMAIL, ACCOUNT.PASSWORD,
						ACCOUNT.ROLE_ID, ACCOUNT.CREATE_TIME, ACCOUNT.ACTIVE)
    VALUES(ID, USERNAME, EMAIL, PASSWORD, ROLE_ID, CREATE_TIME, ACTIVE);
END ;;
DELIMITER ;
/*!50003 SET sql_mode              = @saved_sql_mode */ ;
/*!50003 SET character_set_client  = @saved_cs_client */ ;
/*!50003 SET character_set_results = @saved_cs_results */ ;
/*!50003 SET collation_connection  = @saved_col_connection */ ;
/*!50003 DROP PROCEDURE IF EXISTS `PROC_ACCOUNT_SELECT_ALL` */;
/*!50003 SET @saved_cs_client      = @@character_set_client */ ;
/*!50003 SET @saved_cs_results     = @@character_set_results */ ;
/*!50003 SET @saved_col_connection = @@collation_connection */ ;
/*!50003 SET character_set_client  = utf8 */ ;
/*!50003 SET character_set_results = utf8 */ ;
/*!50003 SET collation_connection  = utf8_general_ci */ ;
/*!50003 SET @saved_sql_mode       = @@sql_mode */ ;
/*!50003 SET sql_mode              = 'STRICT_TRANS_TABLES,NO_AUTO_CREATE_USER,NO_ENGINE_SUBSTITUTION' */ ;
DELIMITER ;;
CREATE DEFINER=`root`@`localhost` PROCEDURE `PROC_ACCOUNT_SELECT_ALL`()
BEGIN
	SELECT * FROM ACCOUNT;
END ;;
DELIMITER ;
/*!50003 SET sql_mode              = @saved_sql_mode */ ;
/*!50003 SET character_set_client  = @saved_cs_client */ ;
/*!50003 SET character_set_results = @saved_cs_results */ ;
/*!50003 SET collation_connection  = @saved_col_connection */ ;
/*!50003 DROP PROCEDURE IF EXISTS `PROC_ACCOUNT_SELECT_BY_ID` */;
/*!50003 SET @saved_cs_client      = @@character_set_client */ ;
/*!50003 SET @saved_cs_results     = @@character_set_results */ ;
/*!50003 SET @saved_col_connection = @@collation_connection */ ;
/*!50003 SET character_set_client  = utf8 */ ;
/*!50003 SET character_set_results = utf8 */ ;
/*!50003 SET collation_connection  = utf8_general_ci */ ;
/*!50003 SET @saved_sql_mode       = @@sql_mode */ ;
/*!50003 SET sql_mode              = 'STRICT_TRANS_TABLES,NO_AUTO_CREATE_USER,NO_ENGINE_SUBSTITUTION' */ ;
DELIMITER ;;
CREATE DEFINER=`root`@`localhost` PROCEDURE `PROC_ACCOUNT_SELECT_BY_ID`(
	IN ID INT
)
BEGIN
	SELECT * FROM ACCOUNT WHERE ACCOUNT.ID = ID;
END ;;
DELIMITER ;
/*!50003 SET sql_mode              = @saved_sql_mode */ ;
/*!50003 SET character_set_client  = @saved_cs_client */ ;
/*!50003 SET character_set_results = @saved_cs_results */ ;
/*!50003 SET collation_connection  = @saved_col_connection */ ;
/*!50003 DROP PROCEDURE IF EXISTS `PROC_ADDRESS_SELECT_BY_ID` */;
/*!50003 SET @saved_cs_client      = @@character_set_client */ ;
/*!50003 SET @saved_cs_results     = @@character_set_results */ ;
/*!50003 SET @saved_col_connection = @@collation_connection */ ;
/*!50003 SET character_set_client  = utf8 */ ;
/*!50003 SET character_set_results = utf8 */ ;
/*!50003 SET collation_connection  = utf8_general_ci */ ;
/*!50003 SET @saved_sql_mode       = @@sql_mode */ ;
/*!50003 SET sql_mode              = 'STRICT_TRANS_TABLES,NO_AUTO_CREATE_USER,NO_ENGINE_SUBSTITUTION' */ ;
DELIMITER ;;
CREATE DEFINER=`root`@`localhost` PROCEDURE `PROC_ADDRESS_SELECT_BY_ID`(
	IN ADDRESS_ID INT
)
BEGIN
	SELECT *
      FROM ADDRESS
	 WHERE ADDRESS.ID = ADDRESS_ID;
END ;;
DELIMITER ;
/*!50003 SET sql_mode              = @saved_sql_mode */ ;
/*!50003 SET character_set_client  = @saved_cs_client */ ;
/*!50003 SET character_set_results = @saved_cs_results */ ;
/*!50003 SET collation_connection  = @saved_col_connection */ ;
/*!50003 DROP PROCEDURE IF EXISTS `PROC_ATTRIBUTE_SELECT_BY_ID` */;
/*!50003 SET @saved_cs_client      = @@character_set_client */ ;
/*!50003 SET @saved_cs_results     = @@character_set_results */ ;
/*!50003 SET @saved_col_connection = @@collation_connection */ ;
/*!50003 SET character_set_client  = utf8 */ ;
/*!50003 SET character_set_results = utf8 */ ;
/*!50003 SET collation_connection  = utf8_general_ci */ ;
/*!50003 SET @saved_sql_mode       = @@sql_mode */ ;
/*!50003 SET sql_mode              = 'STRICT_TRANS_TABLES,NO_AUTO_CREATE_USER,NO_ENGINE_SUBSTITUTION' */ ;
DELIMITER ;;
CREATE DEFINER=`root`@`localhost` PROCEDURE `PROC_ATTRIBUTE_SELECT_BY_ID`(
	IN ID INT
)
BEGIN
	SELECT *
	  FROM ATTRIBUTE
	 WHERE ATTRIBUTE.ID = ID;
END ;;
DELIMITER ;
/*!50003 SET sql_mode              = @saved_sql_mode */ ;
/*!50003 SET character_set_client  = @saved_cs_client */ ;
/*!50003 SET character_set_results = @saved_cs_results */ ;
/*!50003 SET collation_connection  = @saved_col_connection */ ;
/*!50003 DROP PROCEDURE IF EXISTS `PROC_ATTRIBUTE_VALUE_SELECT_BY_ID` */;
/*!50003 SET @saved_cs_client      = @@character_set_client */ ;
/*!50003 SET @saved_cs_results     = @@character_set_results */ ;
/*!50003 SET @saved_col_connection = @@collation_connection */ ;
/*!50003 SET character_set_client  = utf8 */ ;
/*!50003 SET character_set_results = utf8 */ ;
/*!50003 SET collation_connection  = utf8_general_ci */ ;
/*!50003 SET @saved_sql_mode       = @@sql_mode */ ;
/*!50003 SET sql_mode              = 'STRICT_TRANS_TABLES,NO_AUTO_CREATE_USER,NO_ENGINE_SUBSTITUTION' */ ;
DELIMITER ;;
CREATE DEFINER=`root`@`localhost` PROCEDURE `PROC_ATTRIBUTE_VALUE_SELECT_BY_ID`(
	IN ID INT
)
BEGIN
	SELECT *
      FROM ATTRIBUTE_VALUE
	 WHERE ATTRIBUTE_VALUE.ID = ID;
END ;;
DELIMITER ;
/*!50003 SET sql_mode              = @saved_sql_mode */ ;
/*!50003 SET character_set_client  = @saved_cs_client */ ;
/*!50003 SET character_set_results = @saved_cs_results */ ;
/*!50003 SET collation_connection  = @saved_col_connection */ ;
/*!50003 DROP PROCEDURE IF EXISTS `PROC_CATEGORY_SELECT_ALL_CHILDREN_BY_PARENT` */;
/*!50003 SET @saved_cs_client      = @@character_set_client */ ;
/*!50003 SET @saved_cs_results     = @@character_set_results */ ;
/*!50003 SET @saved_col_connection = @@collation_connection */ ;
/*!50003 SET character_set_client  = utf8 */ ;
/*!50003 SET character_set_results = utf8 */ ;
/*!50003 SET collation_connection  = utf8_general_ci */ ;
/*!50003 SET @saved_sql_mode       = @@sql_mode */ ;
/*!50003 SET sql_mode              = 'STRICT_TRANS_TABLES,NO_AUTO_CREATE_USER,NO_ENGINE_SUBSTITUTION' */ ;
DELIMITER ;;
CREATE DEFINER=`root`@`localhost` PROCEDURE `PROC_CATEGORY_SELECT_ALL_CHILDREN_BY_PARENT`(
	IN PARENT_ID INT
)
BEGIN
	SELECT *
      FROM CATEGORY
	 WHERE PARENT_CATEGORY_ID = PARENT_ID;
END ;;
DELIMITER ;
/*!50003 SET sql_mode              = @saved_sql_mode */ ;
/*!50003 SET character_set_client  = @saved_cs_client */ ;
/*!50003 SET character_set_results = @saved_cs_results */ ;
/*!50003 SET collation_connection  = @saved_col_connection */ ;
/*!50003 DROP PROCEDURE IF EXISTS `PROC_CATEGORY_SELECT_ALL_PARENT_CATEGORY` */;
/*!50003 SET @saved_cs_client      = @@character_set_client */ ;
/*!50003 SET @saved_cs_results     = @@character_set_results */ ;
/*!50003 SET @saved_col_connection = @@collation_connection */ ;
/*!50003 SET character_set_client  = utf8 */ ;
/*!50003 SET character_set_results = utf8 */ ;
/*!50003 SET collation_connection  = utf8_general_ci */ ;
/*!50003 SET @saved_sql_mode       = @@sql_mode */ ;
/*!50003 SET sql_mode              = 'STRICT_TRANS_TABLES,NO_AUTO_CREATE_USER,NO_ENGINE_SUBSTITUTION' */ ;
DELIMITER ;;
CREATE DEFINER=`root`@`localhost` PROCEDURE `PROC_CATEGORY_SELECT_ALL_PARENT_CATEGORY`()
BEGIN
	SELECT * 
	  FROM CATEGORY
	 WHERE PARENT_CATEGORY_ID = '0';
END ;;
DELIMITER ;
/*!50003 SET sql_mode              = @saved_sql_mode */ ;
/*!50003 SET character_set_client  = @saved_cs_client */ ;
/*!50003 SET character_set_results = @saved_cs_results */ ;
/*!50003 SET collation_connection  = @saved_col_connection */ ;
/*!50003 DROP PROCEDURE IF EXISTS `PROC_CATEGORY_SELECT_BY_ID` */;
/*!50003 SET @saved_cs_client      = @@character_set_client */ ;
/*!50003 SET @saved_cs_results     = @@character_set_results */ ;
/*!50003 SET @saved_col_connection = @@collation_connection */ ;
/*!50003 SET character_set_client  = utf8 */ ;
/*!50003 SET character_set_results = utf8 */ ;
/*!50003 SET collation_connection  = utf8_general_ci */ ;
/*!50003 SET @saved_sql_mode       = @@sql_mode */ ;
/*!50003 SET sql_mode              = 'STRICT_TRANS_TABLES,NO_AUTO_CREATE_USER,NO_ENGINE_SUBSTITUTION' */ ;
DELIMITER ;;
CREATE DEFINER=`root`@`localhost` PROCEDURE `PROC_CATEGORY_SELECT_BY_ID`(
	IN ID INT
)
BEGIN
	SELECT *
	  FROM CATEGORY
	 WHERE CATEGORY.ID = ID;
END ;;
DELIMITER ;
/*!50003 SET sql_mode              = @saved_sql_mode */ ;
/*!50003 SET character_set_client  = @saved_cs_client */ ;
/*!50003 SET character_set_results = @saved_cs_results */ ;
/*!50003 SET collation_connection  = @saved_col_connection */ ;
/*!50003 DROP PROCEDURE IF EXISTS `PROC_CUSTOMER_SELECT_BY_ACCOUNT_ID` */;
/*!50003 SET @saved_cs_client      = @@character_set_client */ ;
/*!50003 SET @saved_cs_results     = @@character_set_results */ ;
/*!50003 SET @saved_col_connection = @@collation_connection */ ;
/*!50003 SET character_set_client  = utf8 */ ;
/*!50003 SET character_set_results = utf8 */ ;
/*!50003 SET collation_connection  = utf8_general_ci */ ;
/*!50003 SET @saved_sql_mode       = @@sql_mode */ ;
/*!50003 SET sql_mode              = 'STRICT_TRANS_TABLES,NO_AUTO_CREATE_USER,NO_ENGINE_SUBSTITUTION' */ ;
DELIMITER ;;
CREATE DEFINER=`root`@`localhost` PROCEDURE `PROC_CUSTOMER_SELECT_BY_ACCOUNT_ID`(
	IN ACCOUNT_ID INT
)
BEGIN
	SELECT *
      FROM CUSTOMER
	 WHERE CUSTOMER.ACCOUNT_ID = ACCOUNT_ID;
END ;;
DELIMITER ;
/*!50003 SET sql_mode              = @saved_sql_mode */ ;
/*!50003 SET character_set_client  = @saved_cs_client */ ;
/*!50003 SET character_set_results = @saved_cs_results */ ;
/*!50003 SET collation_connection  = @saved_col_connection */ ;
/*!50003 DROP PROCEDURE IF EXISTS `PROC_CUSTOMER_SELECT_BY_ID` */;
/*!50003 SET @saved_cs_client      = @@character_set_client */ ;
/*!50003 SET @saved_cs_results     = @@character_set_results */ ;
/*!50003 SET @saved_col_connection = @@collation_connection */ ;
/*!50003 SET character_set_client  = utf8 */ ;
/*!50003 SET character_set_results = utf8 */ ;
/*!50003 SET collation_connection  = utf8_general_ci */ ;
/*!50003 SET @saved_sql_mode       = @@sql_mode */ ;
/*!50003 SET sql_mode              = 'STRICT_TRANS_TABLES,NO_AUTO_CREATE_USER,NO_ENGINE_SUBSTITUTION' */ ;
DELIMITER ;;
CREATE DEFINER=`root`@`localhost` PROCEDURE `PROC_CUSTOMER_SELECT_BY_ID`(
	IN CUSTOMER_ID INT
)
BEGIN
	SELECT *
      FROM CUSTOMER
	 WHERE CUSTOMER.ID = CUSTOMER_ID;
END ;;
DELIMITER ;
/*!50003 SET sql_mode              = @saved_sql_mode */ ;
/*!50003 SET character_set_client  = @saved_cs_client */ ;
/*!50003 SET character_set_results = @saved_cs_results */ ;
/*!50003 SET collation_connection  = @saved_col_connection */ ;
/*!50003 DROP PROCEDURE IF EXISTS `PROC_MANUFACTURER_GET_BY_ID` */;
/*!50003 SET @saved_cs_client      = @@character_set_client */ ;
/*!50003 SET @saved_cs_results     = @@character_set_results */ ;
/*!50003 SET @saved_col_connection = @@collation_connection */ ;
/*!50003 SET character_set_client  = utf8 */ ;
/*!50003 SET character_set_results = utf8 */ ;
/*!50003 SET collation_connection  = utf8_general_ci */ ;
/*!50003 SET @saved_sql_mode       = @@sql_mode */ ;
/*!50003 SET sql_mode              = 'STRICT_TRANS_TABLES,NO_AUTO_CREATE_USER,NO_ENGINE_SUBSTITUTION' */ ;
DELIMITER ;;
CREATE DEFINER=`root`@`localhost` PROCEDURE `PROC_MANUFACTURER_GET_BY_ID`(
	IN ID INT
)
BEGIN
	SELECT *
      FROM MANUFACTURER
	 WHERE MANUFACTURER.ID = ID;
END ;;
DELIMITER ;
/*!50003 SET sql_mode              = @saved_sql_mode */ ;
/*!50003 SET character_set_client  = @saved_cs_client */ ;
/*!50003 SET character_set_results = @saved_cs_results */ ;
/*!50003 SET collation_connection  = @saved_col_connection */ ;
/*!50003 DROP PROCEDURE IF EXISTS `PROC_PRODUCT_ATTRIBUTE_SELECT_BY_PRODUCT_ID` */;
/*!50003 SET @saved_cs_client      = @@character_set_client */ ;
/*!50003 SET @saved_cs_results     = @@character_set_results */ ;
/*!50003 SET @saved_col_connection = @@collation_connection */ ;
/*!50003 SET character_set_client  = utf8 */ ;
/*!50003 SET character_set_results = utf8 */ ;
/*!50003 SET collation_connection  = utf8_general_ci */ ;
/*!50003 SET @saved_sql_mode       = @@sql_mode */ ;
/*!50003 SET sql_mode              = 'STRICT_TRANS_TABLES,NO_AUTO_CREATE_USER,NO_ENGINE_SUBSTITUTION' */ ;
DELIMITER ;;
CREATE DEFINER=`root`@`localhost` PROCEDURE `PROC_PRODUCT_ATTRIBUTE_SELECT_BY_PRODUCT_ID`(
	IN PRODUCT_ID INT
)
BEGIN
	SELECT *
      FROM PRODUCT_ATTRIBUTE
	 WHERE PRODUCT_ATTRIBUTE.PRODUCT_ID = PRODUCT_ID;
END ;;
DELIMITER ;
/*!50003 SET sql_mode              = @saved_sql_mode */ ;
/*!50003 SET character_set_client  = @saved_cs_client */ ;
/*!50003 SET character_set_results = @saved_cs_results */ ;
/*!50003 SET collation_connection  = @saved_col_connection */ ;
/*!50003 DROP PROCEDURE IF EXISTS `PROC_PRODUCT_SELECT_BY_CATEGORY` */;
/*!50003 SET @saved_cs_client      = @@character_set_client */ ;
/*!50003 SET @saved_cs_results     = @@character_set_results */ ;
/*!50003 SET @saved_col_connection = @@collation_connection */ ;
/*!50003 SET character_set_client  = utf8 */ ;
/*!50003 SET character_set_results = utf8 */ ;
/*!50003 SET collation_connection  = utf8_general_ci */ ;
/*!50003 SET @saved_sql_mode       = @@sql_mode */ ;
/*!50003 SET sql_mode              = 'STRICT_TRANS_TABLES,NO_AUTO_CREATE_USER,NO_ENGINE_SUBSTITUTION' */ ;
DELIMITER ;;
CREATE DEFINER=`root`@`localhost` PROCEDURE `PROC_PRODUCT_SELECT_BY_CATEGORY`(
	IN CATEGORY_ID INT
)
BEGIN
	SELECT *
      FROM PRODUCT
	 WHERE PRODUCT.CATEGORY_ID = CATEGORY_ID;
END ;;
DELIMITER ;
/*!50003 SET sql_mode              = @saved_sql_mode */ ;
/*!50003 SET character_set_client  = @saved_cs_client */ ;
/*!50003 SET character_set_results = @saved_cs_results */ ;
/*!50003 SET collation_connection  = @saved_col_connection */ ;
/*!50003 DROP PROCEDURE IF EXISTS `PROC_PRODUCT_SELECT_BY_ID` */;
/*!50003 SET @saved_cs_client      = @@character_set_client */ ;
/*!50003 SET @saved_cs_results     = @@character_set_results */ ;
/*!50003 SET @saved_col_connection = @@collation_connection */ ;
/*!50003 SET character_set_client  = utf8 */ ;
/*!50003 SET character_set_results = utf8 */ ;
/*!50003 SET collation_connection  = utf8_general_ci */ ;
/*!50003 SET @saved_sql_mode       = @@sql_mode */ ;
/*!50003 SET sql_mode              = 'STRICT_TRANS_TABLES,NO_AUTO_CREATE_USER,NO_ENGINE_SUBSTITUTION' */ ;
DELIMITER ;;
CREATE DEFINER=`root`@`localhost` PROCEDURE `PROC_PRODUCT_SELECT_BY_ID`(
	IN ID INT
)
BEGIN
	SELECT *
      FROM PRODUCT
	 WHERE PRODUCT.ID = ID;
END ;;
DELIMITER ;
/*!50003 SET sql_mode              = @saved_sql_mode */ ;
/*!50003 SET character_set_client  = @saved_cs_client */ ;
/*!50003 SET character_set_results = @saved_cs_results */ ;
/*!50003 SET collation_connection  = @saved_col_connection */ ;
/*!50003 DROP PROCEDURE IF EXISTS `PROC_ROLE_SELECT_BY_ID` */;
/*!50003 SET @saved_cs_client      = @@character_set_client */ ;
/*!50003 SET @saved_cs_results     = @@character_set_results */ ;
/*!50003 SET @saved_col_connection = @@collation_connection */ ;
/*!50003 SET character_set_client  = utf8 */ ;
/*!50003 SET character_set_results = utf8 */ ;
/*!50003 SET collation_connection  = utf8_general_ci */ ;
/*!50003 SET @saved_sql_mode       = @@sql_mode */ ;
/*!50003 SET sql_mode              = 'STRICT_TRANS_TABLES,NO_AUTO_CREATE_USER,NO_ENGINE_SUBSTITUTION' */ ;
DELIMITER ;;
CREATE DEFINER=`root`@`localhost` PROCEDURE `PROC_ROLE_SELECT_BY_ID`(
	IN ID INT
)
BEGIN
	SELECT * FROM ROLE WHERE ROLE.ID = ID;
END ;;
DELIMITER ;
/*!50003 SET sql_mode              = @saved_sql_mode */ ;
/*!50003 SET character_set_client  = @saved_cs_client */ ;
/*!50003 SET character_set_results = @saved_cs_results */ ;
/*!50003 SET collation_connection  = @saved_col_connection */ ;
/*!50003 DROP PROCEDURE IF EXISTS `PROC_SELECT_BY_ACCOUNT_ID` */;
/*!50003 SET @saved_cs_client      = @@character_set_client */ ;
/*!50003 SET @saved_cs_results     = @@character_set_results */ ;
/*!50003 SET @saved_col_connection = @@collation_connection */ ;
/*!50003 SET character_set_client  = utf8 */ ;
/*!50003 SET character_set_results = utf8 */ ;
/*!50003 SET collation_connection  = utf8_general_ci */ ;
/*!50003 SET @saved_sql_mode       = @@sql_mode */ ;
/*!50003 SET sql_mode              = 'STRICT_TRANS_TABLES,NO_AUTO_CREATE_USER,NO_ENGINE_SUBSTITUTION' */ ;
DELIMITER ;;
CREATE DEFINER=`root`@`localhost` PROCEDURE `PROC_SELECT_BY_ACCOUNT_ID`(
	IN ACCOUNT_ID INT
)
BEGIN
	SELECT *
      FROM CUSTOMER
	 WHERE CUSTOMER.ACCOUNT_ID = ACCOUNT_ID;
END ;;
DELIMITER ;
/*!50003 SET sql_mode              = @saved_sql_mode */ ;
/*!50003 SET character_set_client  = @saved_cs_client */ ;
/*!50003 SET character_set_results = @saved_cs_results */ ;
/*!50003 SET collation_connection  = @saved_col_connection */ ;
/*!50003 DROP PROCEDURE IF EXISTS `PROC_SHOPPING_CART_DETAIL_INSERT` */;
/*!50003 SET @saved_cs_client      = @@character_set_client */ ;
/*!50003 SET @saved_cs_results     = @@character_set_results */ ;
/*!50003 SET @saved_col_connection = @@collation_connection */ ;
/*!50003 SET character_set_client  = utf8 */ ;
/*!50003 SET character_set_results = utf8 */ ;
/*!50003 SET collation_connection  = utf8_general_ci */ ;
/*!50003 SET @saved_sql_mode       = @@sql_mode */ ;
/*!50003 SET sql_mode              = 'STRICT_TRANS_TABLES,NO_AUTO_CREATE_USER,NO_ENGINE_SUBSTITUTION' */ ;
DELIMITER ;;
CREATE DEFINER=`root`@`localhost` PROCEDURE `PROC_SHOPPING_CART_DETAIL_INSERT`(
	IN SHOPPING_CART_ID INT,
    IN PRODUCT_ID INT,
    IN ATTRIBUTE VARCHAR(45),
    IN QUANTITY INT

)
BEGIN
	INSERT
      INTO SHOPPING_CART_DETAIL
	VALUES (SHOPPING_CART_ID, PRODUCT_ID, ATTRIBUTE, QUANTITY);
END ;;
DELIMITER ;
/*!50003 SET sql_mode              = @saved_sql_mode */ ;
/*!50003 SET character_set_client  = @saved_cs_client */ ;
/*!50003 SET character_set_results = @saved_cs_results */ ;
/*!50003 SET collation_connection  = @saved_col_connection */ ;
/*!50003 DROP PROCEDURE IF EXISTS `PROC_SHOPPING_CART_INSERT` */;
/*!50003 SET @saved_cs_client      = @@character_set_client */ ;
/*!50003 SET @saved_cs_results     = @@character_set_results */ ;
/*!50003 SET @saved_col_connection = @@collation_connection */ ;
/*!50003 SET character_set_client  = utf8 */ ;
/*!50003 SET character_set_results = utf8 */ ;
/*!50003 SET collation_connection  = utf8_general_ci */ ;
/*!50003 SET @saved_sql_mode       = @@sql_mode */ ;
/*!50003 SET sql_mode              = 'STRICT_TRANS_TABLES,NO_AUTO_CREATE_USER,NO_ENGINE_SUBSTITUTION' */ ;
DELIMITER ;;
CREATE DEFINER=`root`@`localhost` PROCEDURE `PROC_SHOPPING_CART_INSERT`(
	IN ID INT,
	IN CREATE_ON DATE,
    IN _STATUS INT,
    IN CUSTOMER_ID INT
)
BEGIN
	INSERT 
      INTO SHOPPING_CART
    VALUES(ID, CREATE_ON, _STATUS, CUSTOMER_ID);
END ;;
DELIMITER ;
/*!50003 SET sql_mode              = @saved_sql_mode */ ;
/*!50003 SET character_set_client  = @saved_cs_client */ ;
/*!50003 SET character_set_results = @saved_cs_results */ ;
/*!50003 SET collation_connection  = @saved_col_connection */ ;
/*!40103 SET TIME_ZONE=@OLD_TIME_ZONE */;

/*!40101 SET SQL_MODE=@OLD_SQL_MODE */;
/*!40014 SET FOREIGN_KEY_CHECKS=@OLD_FOREIGN_KEY_CHECKS */;
/*!40014 SET UNIQUE_CHECKS=@OLD_UNIQUE_CHECKS */;
/*!40101 SET CHARACTER_SET_CLIENT=@OLD_CHARACTER_SET_CLIENT */;
/*!40101 SET CHARACTER_SET_RESULTS=@OLD_CHARACTER_SET_RESULTS */;
/*!40101 SET COLLATION_CONNECTION=@OLD_COLLATION_CONNECTION */;
/*!40111 SET SQL_NOTES=@OLD_SQL_NOTES */;

-- Dump completed on 2018-04-13 14:16:05
